<?xml version="1.0" encoding="iso-8859-1"?>
<Inst N="sequencemain" T="DataDrivenSequence">
	<Inst N="transition" T="DataDrivenTransition">
		<Attr N="PreviousAnim">
		<![CDATA[{
		"Fade":[
		{"Linear1D":[0.5,0,-16,"/theRenderingScreen->Brightness",0]},
		{ "SetValue1D" : [0.0,0.0,"Show" ]}
		]
		}
		]]>
		</Attr>
		<Attr N="NextAnim">
		<![CDATA[{
		"Fade":[
		{ "SetValue1D" : [0.0,0.0,"Show" ]},
		{ "Wait" : [  0.5 ] },
		{ "SetValue1D" : [0.0,1.0,"Show" ]},
		{"Linear1D":[0.5,-16,0,"/theRenderingScreen->Brightness",0]},
		{ "Notification" :  [ 0 , "InitScreen" ] }
		]
		}
		]]>
		</Attr>
	</Inst>
	<Inst N="UILayer" T="UI2DLayer">
	<Attr N="SizeY" V="800"/>
	<Attr N="SizeX" V="1280"/>
	<Attr N="Priority" V="50"/>
	<Attr N="RenderingScreen" V="RenderingScreen:theRenderingScreen"/>
		<Inst N="Interface" T="UIItem">
			<Attr N="SizeY" V="800"/>
			<Attr N="SizeX" V="1280"/>
			<Inst N="background" T="UIPanel">
				<Attr N="SizeY" V="800"/>
				<Attr N="SizeX" V="1280"/>
				<Attr N="Priority" V="0"/>
				<Attr N="Anchor" V="{0.500000,0.500000}"/>
				<Attr N="Dock" V="{0.500000,0.500000}"/>
				<Attr N="Color" V="{0.0, 0.2, 0.4, 1.0}"/>
			</Inst>
			<Inst N="TreatedWriters" T="UIText">
				<Attr N="Priority" V="10"/>
				<Attr N="Text" V="Test"/>
				<Attr N="Dock" V="{0.02,0.05}"/>
				<Attr N="Anchor" V="{0.0,0.5}"/>
				<Attr N="SizeX" V="-1"/>
				<Attr N="SizeY" V="-1"/>
				<Attr N="Font" V="Calibri.ttf"/>
				<Attr N="FontSize" V="16"/>
				<Attr N="MaxWidth" V="200"/>	
				<Attr N="TextAlignment" V="0"/>				
			</Inst>
			<Inst N="SubscWriters" T="UIText">
				<Attr N="Priority" V="10"/>
				<Attr N="Text" V="Test"/>
				<Attr N="Dock" V="{0.02,0.075}"/>
				<Attr N="Anchor" V="{0.0,0.5}"/>
				<Attr N="SizeX" V="-1"/>
				<Attr N="SizeY" V="-1"/>
				<Attr N="Font" V="Calibri.ttf"/>
				<Attr N="FontSize" V="16"/>
				<Attr N="TextAlignment" V="0"/>
				<Attr N="MaxWidth" V="200"/>		
			</Inst>
			<Inst N="PublicWriters" T="UIText">
				<Attr N="Priority" V="10"/>
				<Attr N="Text" V="Test"/>
				<Attr N="Dock" V="{0.02,0.1}"/>
				<Attr N="Anchor" V="{0.0,0.5}"/>
				<Attr N="SizeX" V="-1"/>
				<Attr N="SizeY" V="-1"/>
				<Attr N="Font" V="Calibri.ttf"/>
				<Attr N="FontSize" V="16"/>
				<Attr N="TextAlignment" V="0"/>
				<Attr N="MaxWidth" V="200"/>		
			</Inst>
			<Inst N="FoundChannels" T="UIText">
				<Attr N="Priority" V="10"/>
				<Attr N="Text" V="Test"/>
				<Attr N="Dock" V="{0.02,0.125}"/>
				<Attr N="Anchor" V="{0.0,0.5}"/>
				<Attr N="SizeX" V="-1"/>
				<Attr N="SizeY" V="-1"/>
				<Attr N="Font" V="Calibri.ttf"/>
				<Attr N="FontSize" V="16"/>
				<Attr N="MaxWidth" V="300"/>		
				<Attr N="TextAlignment" V="0"/>
			</Inst>
			<Inst N="ParsedComments" T="UIText">
				<Attr N="Priority" V="10"/>
				<Attr N="Text" V="Test"/>
				<Attr N="Dock" V="{0.02,0.15}"/>
				<Attr N="Anchor" V="{0.0,0.5}"/>
				<Attr N="SizeX" V="-1"/>
				<Attr N="SizeY" V="-1"/>
				<Attr N="Font" V="Calibri.ttf"/>
				<Attr N="FontSize" V="16"/>
				<Attr N="MaxWidth" V="300"/>		
				<Attr N="TextAlignment" V="0"/>
			</Inst>
			<Inst N="RequestCount" T="UIText">
				<Attr N="Priority" V="10"/>
				<Attr N="Text" V="Test"/>
				<Attr N="Dock" V="{0.02,0.175}"/>
				<Attr N="Anchor" V="{0.0,0.5}"/>
				<Attr N="SizeX" V="-1"/>
				<Attr N="SizeY" V="-1"/>
				<Attr N="Font" V="Calibri.ttf"/>
				<Attr N="FontSize" V="16"/>
				<Attr N="MaxWidth" V="300"/>		
				<Attr N="TextAlignment" V="0"/>
			</Inst>
			<Inst N="CurrentVideo" T="UIText">
				<Attr N="Priority" V="10"/>
				<Attr N="Text" V="current Video title"/>
				<Attr N="Dock" V="{0.5,0.05}"/>
				<Attr N="Anchor" V="{0.5,0.5}"/>
				<Attr N="SizeX" V="-1"/>
				<Attr N="SizeY" V="-1"/>
				<Attr N="Font" V="Calibri.ttf"/>
				<Attr N="FontSize" V="16"/>
				<Attr N="MaxWidth" V="500"/>		
				<Attr N="TextAlignment" V="1"/>
			</Inst>
			<Inst N="thumbnail" T="UITexture">
				<Attr N="Priority" V="10"/>
				<Attr N="Dock" V="{0.5,0.5}"/>
				<Attr N="Anchor" V="{0.5,0.5}"/>
				<Inst N="ChannelName" T="UIText">
					<Attr N="Priority" V="11"/>
					<Attr N="Text" V="channelName"/>
					<Attr N="Dock" V="{0.5,1.0}"/>
					<Attr N="Anchor" V="{0.5,0.0}"/>
					<Attr N="SizeX" V="-1"/>
					<Attr N="SizeY" V="-1"/>
					<Attr N="Font" V="Calibri.ttf"/>
					<Attr N="FontSize" V="20"/>
					<Attr N="MaxWidth" V="200"/>		
				</Inst>
			</Inst>
		</Inst>
	</Inst>
</Inst>
