<?xml version="1.0" encoding="iso-8859-1"?>
<Inst N="thmbnail" T="UITexture">
	<Attr N="Priority" V="10"/>
	<Attr N="Dock" V="{0.5,0.5}"/>
	<Attr N="PreScaleX" V="0.6"/>
	<Attr N="PreScaleY" V="0.6"/>
	<Attr N="Anchor" V="{0.5,0.5}"/>
	<Inst N="ChannelName" T="UIText">
		<Attr N="Priority" V="11"/>
		<Attr N="Text" V="channelName"/>
		<Attr N="Dock" V="{0.5,1.0}"/>
		<Attr N="Anchor" V="{0.5,0.0}"/>
		<Attr N="SizeX" V="-1"/>
		<Attr N="SizeY" V="-1"/>
		<Attr N="Font" V="Calibri.ttf"/>
		<Attr N="FontSize" V="24"/>
		<Attr N="MaxWidth" V="200"/>		
	</Inst>
	<Inst N="ChannelPercent" T="UIText">
			<Attr N="Priority" V="11"/>
			<Attr N="Text" V="Percent"/>
			<Attr N="Dock" V="{0.5,0.0}"/>
			<Attr N="Anchor" V="{0.5,1.0}"/>
			<Attr N="SizeX" V="-1"/>
			<Attr N="SizeY" V="-1"/>
			<Attr N="Font" V="Calibri.ttf"/>
			<Attr N="FontSize" V="30"/>
			<Attr N="MaxWidth" V="200"/>		
	</Inst>
</Inst>